{"learning_rate": 0.1, "max_ngrams": 2, "hidden_size": 100, "unk_threshold": 0, "num_epochs": 2, "pretrained_word_embeddings_file": null, "test_accuracy": 0.0605, "test_loss": 10.217707633972168, "loss_curve": [[1000, 10.239614753723144], [2000, 10.237214590072632], [3000, 10.237141871452332], [4000, 10.243887639045715], [5000, 10.233076679229736], [6000, 10.240272388458251], [7000, 10.234561505317687], [8000, 10.242754681587218], [9000, 10.232100428581237], [10000, 10.22788935470581], [11000, 10.238403561592103], [12000, 10.236666730880737], [13000, 10.227115189552308], [14000, 10.232090455055237], [15000, 10.232680674552917], [16000, 10.233691930770874], [17000, 10.231096668243408], [18000, 10.234417126655579], [19000, 10.233950300216675], [20000, 10.243021588325501], [21000, 10.23306667804718], [22000, 10.232733579635621], [23000, 10.232739018440247], [24000, 10.242474503517151], [25000, 10.22977792930603], [26000, 10.236539574623109], [27000, 10.232030206680298], [28000, 10.241639332771301], [29000, 10.229246826171876], [30000, 10.224936897277832], [31000, 10.236754175186157], [32000, 10.235101050376892], [33000, 10.224403661727905], [34000, 10.22931072807312], [35000, 10.230716588974], [36000, 10.232473400115968], [37000, 10.229662160873414], [38000, 10.233166478157043], [39000, 10.232783424377441], [40000, 10.242278841018678]], "metric_curve": [[20000, 0.0376], [40000, 0.0376]], "runtime (in seconds)": 860.5419178009033}